{
  "categories_list": {
    "featured": [],
    "random": 6,
    "full_width": true
  },
  "centralized_logo": false,
  "marketing_stripe": {
    "text": "",
    "link": "",
    "color": "#ffffff",
    "background": "#0097b2"
  },
  "alphabetical_order_submenu": false,
  "popup": "",
  "search_input": true,
  "desktop_megamenu": false,
  "full_width_submenu": false,
  "contacts_stripe": {
    "pages": [
      {
        "title": "Atendimento:",
        "link": ""
      }
    ],
    "phone_wpp": true,
    "socials": false
  }
}