{
  "meta_title": "",
  "meta_description": "",
  "sections": [
    {
      "type": "banner-slider",
      "autoplay": 9000,
      "full_width": false,
      "slides": [
        {
          "start": "",
          "end": "",
          "img": "/img/uploads/inauguraaa-1200-x-300-px-4-.png"
        },
        {
          "start": "",
          "end": "",
          "img": "/img/uploads/inauguraaa-1200-x-300-px-5-.png"
        },
        {
          "start": "",
          "end": "",
          "img": "/img/uploads/inauguraaa-1200-x-300-px-8-1-.png"
        }
      ]
    },
    {
      "type": "info-bar",
      "enabled": true
    },
    {
      "type": "collection-shelf",
      "shuffle": true,
      "collection_id": null,
      "sort": "offers",
      "title": "",
      "headless": false,
      "limit": 12,
      "page": 1
    },
    {
      "type": "banners-grid",
      "banners": [
        {
          "img": "/img/uploads/ja-conhece-os-amaciadores-de-carne-bermar-4-.png",
          "mobile_img": "/img/uploads/celular.png"
        },
        {
          "img": "/img/uploads/ja-conhece-os-amaciadores-de-carne-bermar-5-.png"
        },
        {
          "img": "/img/uploads/ja-conhece-os-amaciadores-de-carne-bermar-6-.png",
          "link": "https://www.youtube.com/watch?v=rOAj4wAntcI"
        }
      ]
    },
    {
      "type": "page-title",
      "title": "",
      "description": ""
    }
  ]
}